1	2003-01-01	Africa	ALGERIA                                        	4	0
2	2003-01-01	Africa	AMERICAN SAMOA                                 	1	0
3	2003-01-01	Africa	CAMEROON                                       	0	2
4	2003-01-01	Africa	COTE D'IVOIRE                                  	1	0
5	2003-01-01	Africa	EGYPT                                          	6	1
6	2003-01-01	Africa	FIJI                                           	1	2
7	2003-01-01	Africa	GABON                                          	2	0
8	2003-01-01	Africa	GUAM                                           	0	2
9	2003-01-01	Africa	GUINEA                                         	0	3
10	2003-01-01	Africa	KENYA                                          	6	0
11	2003-01-01	Africa	MAURITANIA                                     	1	0
12	2003-01-01	Africa	MAURITIUS                                      	1	0
13	2003-01-01	Africa	MOROCCO                                        	1	0
14	2003-01-01	Africa	MOZAMBIQUE                                     	1	0
15	2003-01-01	Africa	NEW CALEDONIA                                  	1	0
16	2003-01-01	Africa	NIGERIA                                        	4	0
17	2003-01-01	Africa	PAPUA NEW GUINEA                               	1	0
18	2003-01-01	Africa	SOUTH AFRICA                                   	3	5
19	2003-01-01	Africa	SWAZILAND                                      	1	0
20	2003-01-01	Africa	UGANDA                                         	2	0
21	2003-01-01	Africa	ZAMBIA                                         	1	0
22	2003-01-01	Africa	ZIMBABWE                                       	1	0
23	2003-01-01	Asia/Pacific	AUSTRALIA                                      	1829	295
24	2003-01-01	Asia/Pacific	AZERBAIJAN                                     	3	0
25	2003-01-01	Asia/Pacific	Asia/Pacific Region	21	34
26	2003-01-01	Asia/Pacific	BAHRAIN                                        	1	0
27	2003-01-01	Asia/Pacific	BANGLADESH                                     	10	14
28	2003-01-01	Asia/Pacific	BRUNEI DARUSSALAM                              	2	3
29	2003-01-01	Asia/Pacific	CHINA                                          	325	240
30	2003-01-01	Asia/Pacific	CYPRUS                                         	26	0
31	2003-01-01	Asia/Pacific	GEORGIA                                        	2	0
32	2003-01-01	Asia/Pacific	HONG KONG                                      	100	221
33	2003-01-01	Asia/Pacific	INDIA                                          	68	82
34	2003-01-01	Asia/Pacific	INDONESIA                                      	34	71
35	2003-01-01	Asia/Pacific	IRAN (ISLAMIC REPUBLIC OF)                     	9	0
36	2003-01-01	Asia/Pacific	ISRAEL                                         	26	20
37	2003-01-01	Asia/Pacific	JAPAN                                          	169	118
38	2003-01-01	Asia/Pacific	JORDAN                                         	3	0
39	2003-01-01	Asia/Pacific	KAZAKHSTAN                                     	4	0
40	2003-01-01	Asia/Pacific	KOREA, DEMOCRATIC PEOPLE'S REPUBLIC OF         	0	1
41	2003-01-01	Asia/Pacific	KOREA, REPUBLIC OF                             	134	54
42	2003-01-01	Asia/Pacific	KUWAIT                                         	3	1
43	2003-01-01	Asia/Pacific	KYRGYZSTAN                                     	1	0
44	2003-01-01	Asia/Pacific	LAO PEOPLE'S DEMOCRATIC REPUBLIC               	1	0
45	2003-01-01	Asia/Pacific	LEBANON                                        	1	0
46	2003-01-01	Asia/Pacific	MACAO                                          	2	7
47	2003-01-01	Asia/Pacific	MALAYSIA                                       	24	45
48	2003-01-01	Asia/Pacific	MALDIVES                                       	1	0
49	2003-01-01	Asia/Pacific	MONGOLIA					1	0
50	2003-01-01	Asia/Pacific	NEPAL                                          	1	4
51	2003-01-01	Asia/Pacific	NEW ZEALAND                                    	396	92
52	2003-01-01	Asia/Pacific	OMAN                                           	2	1
53	2003-01-01	Asia/Pacific	PAKISTAN                                       	16	23
54	2003-01-01	Asia/Pacific	PALESTINIAN TERRITORY, OCCUPIED			6	0
55	2003-01-01	Asia/Pacific	PHILIPPINES                                    	37	51
56	2003-01-01	Asia/Pacific	QATAR                                          	1	0
57	2003-01-01	Asia/Pacific	SAUDI ARABIA                                   	14	3
58	2003-01-01	Asia/Pacific	SINGAPORE                                      	58	95
59	2003-01-01	Asia/Pacific	SRI LANKA                                      	13	14
60	2003-01-01	Asia/Pacific	SYRIAN ARAB REPUBLIC                           	2	0
61	2003-01-01	Asia/Pacific	THAILAND                                       	63	116
62	2003-01-01	Asia/Pacific	TURKEY                                         	41	2
63	2003-01-01	Asia/Pacific	UNITED ARAB EMIRATES                           	1	0
64	2003-01-01	Asia/Pacific	UZBEKISTAN                                     	2	0
65	2003-01-01	Asia/Pacific	VIET NAM                                       	10	10
66	2003-01-01	Asia/Pacific	YEMEN                                          	1	0
67	2003-01-01	Europe	ALBANIA                                        	1	0
68	2003-01-01	Europe	AUSTRIA                                        	126	21
69	2003-01-01	Europe	BELARUS                                        	3	0
70	2003-01-01	Europe	BELGIUM                                        	76	21
71	2003-01-01	Europe	BOSNIA AND HERZEGOVINA                         	2	0
72	2003-01-01	Europe	BULGARIA                                       	66	3
73	2003-01-01	Europe	CROATIA 				       	7	0
74	2003-01-01	Europe	CZECH REPUBLIC                                 	41	13
75	2003-01-01	Europe	DENMARK                                        	85	9
76	2003-01-01	Europe	ESTONIA                                        	4	0
77	2003-01-01	Europe	EUROPEAN UNION	1386	2
78	2003-01-01	Europe	FINLAND                                        	52	24
79	2003-01-01	Europe	FRANCE                                         	887	92
80	2003-01-01	Europe	GERMANY                                        	3057	125
81	2003-01-01	Europe	GIBRALTAR                                      	0	1
82	2003-01-01	Europe	GREECE                                         	53	7
83	2003-01-01	Europe	HUNGARY                                        	24	3
84	2003-01-01	Europe	ICELAND                                        	5	1
85	2003-01-01	Europe	IRELAND                                        	24	10
86	2003-01-01	Europe	ITALY                                          	140	63
87	2003-01-01	Europe	LATVIA                                         	40	1
88	2003-01-01	Europe	LIECHTENSTEIN                                  	2	0
89	2003-01-01	Europe	LITHUANIA                                      	17	1
90	2003-01-01	Europe	LUXEMBOURG                                     	12	4
91	2003-01-01	Europe	MALTA                                          	8	0
92	2003-01-01	Europe	MOLDOVA, REPUBLIC OF                           	3	0
93	2003-01-01	Europe	MONACO                                         	1	0
94	2003-01-01	Europe	NETHERLANDS                                    	514	147
95	2003-01-01	Europe	NORWAY                                         	58	46
96	2003-01-01	Europe	POLAND                                         	224	4
97	2003-01-01	Europe	PORTUGAL                                       	21	1
98	2003-01-01	Europe	ROMANIA                                        	73	0
99	2003-01-01	Europe	RUSSIAN FEDERATION                             	249	2
100	2003-01-01	Europe	SLOVAKIA 			               	22	3
101	2003-01-01	Europe	SLOVENIA                                       	43	0
102	2003-01-01	Europe	SPAIN                                          	87	25
103	2003-01-01	Europe	SWEDEN                                         	153	60
104	2003-01-01	Europe	SWITZERLAND                                    	118	61
105	2003-01-01	Europe	UKRAINE                                        	307	0
106	2003-01-01	Europe	UNITED KINGDOM                                 	5	193
107	2003-01-01	Europe	YUGOSLAVIA                                     	8	1
108	2003-01-01	None	None	423	16
109	2003-01-01	North America	ANTIGUA AND BARBUDA                            	2	0
110	2003-01-01	North America	BAHAMAS                                        	1	0
111	2003-01-01	North America	BARBADOS                                       	1	1
112	2003-01-01	North America	BELIZE                                         	1	0
113	2003-01-01	North America	BERMUDA                                        	1	0
114	2003-01-01	North America	CANADA                                         	105	92
115	2003-01-01	North America	COSTA RICA                                     	1	1
116	2003-01-01	North America	CUBA                                           	1	0
117	2003-01-01	North America	DOMINICAN REPUBLIC                             	2	0
118	2003-01-01	North America	MEXICO                                         	9	1
119	2003-01-01	North America	PANAMA                                         	8	9
120	2003-01-01	North America	PUERTO RICO                                    	3	8
121	2003-01-01	North America	UNITED STATES                                  	1117	601
122	2003-01-01	Other	TAIWAN, PROVINCE OF CHINA                      	59	100
123	2003-01-01	South America	ARGENTINA                                      	29	1
124	2003-01-01	South America	BOLIVIA                                        	3	0
125	2003-01-01	South America	BRAZIL                                         	1	4
126	2003-01-01	South America	CHILE                                          	26	0
127	2003-01-01	South America	COLOMBIA                                       	17	4
128	2003-01-01	South America	ECUADOR                                        	5	0
129	2003-01-01	South America	PARAGUAY                                       	1	0
130	2003-01-01	South America	PERU                                           	8	1
131	2003-01-01	South America	TRINIDAD AND TOBAGO                            	1	0
132	2003-01-01	South America	URUGUAY                                        	4	0
133	2003-01-01	South America	VENEZUELA, BOLIVARIAN REPUBLIC OF              	9	6
134	2004-01-01	Africa	ALGERIA                                        	1	0
135	2004-01-01	Africa	ANGOLA                                         	1	0
136	2004-01-01	Africa	CAMEROON                                       	1	0
137	2004-01-01	Africa	DJIBOUTI                                       	1	0
138	2004-01-01	Africa	EGYPT                                          	7	0
139	2004-01-01	Africa	ERITREA                                        	1	0
140	2004-01-01	Africa	FIJI                                           	3	1
141	2004-01-01	Africa	FRENCH POLYNESIA                               	1	0
142	2004-01-01	Africa	GHANA                                          	3	0
143	2004-01-01	Africa	GUAM                                           	2	2
144	2004-01-01	Africa	KENYA                                          	6	0
145	2004-01-01	Africa	MADAGASCAR                                     	1	0
146	2004-01-01	Africa	MALAWI                                         	1	0
147	2004-01-01	Africa	MALI                                           	3	0
148	2004-01-01	Africa	MAURITIUS                                      	1	0
149	2004-01-01	Africa	MOROCCO                                        	1	0
150	2004-01-01	Africa	NAMIBIA                                        	2	2
151	2004-01-01	Africa	NIGERIA                                        	4	0
152	2004-01-01	Africa	NORTHERN MARIANA ISLANDS                       	1	0
153	2004-01-01	Africa	SOUTH AFRICA                                   	12	2
154	2004-01-01	Africa	SUDAN						1	0
155	2004-01-01	Africa	TANZANIA, UNITED REPUBLIC OF                   	3	0
156	2004-01-01	Africa	TUNISIA                                        	1	0
157	2004-01-01	Africa	ZIMBABWE                                       	1	0
158	2004-01-01	Asia/Pacific	AFGHANISTAN                                    	2	0
159	2004-01-01	Asia/Pacific	ARMENIA                                        	3	0
160	2004-01-01	Asia/Pacific	AUSTRALIA                                      	2048	558
161	2004-01-01	Asia/Pacific	AZERBAIJAN                                     	3	1
162	2004-01-01	Asia/Pacific	Asia/Pacific Region	37	8
163	2004-01-01	Asia/Pacific	BAHRAIN                                        	2	0
164	2004-01-01	Asia/Pacific	BANGLADESH                                     	22	6
165	2004-01-01	Asia/Pacific	BRUNEI DARUSSALAM                              	5	1
166	2004-01-01	Asia/Pacific	CAMBODIA                                       	3	0
167	2004-01-01	Asia/Pacific	CHINA                                          	384	87
168	2004-01-01	Asia/Pacific	CYPRUS                                         	11	0
169	2004-01-01	Asia/Pacific	HONG KONG                                      	234	73
170	2004-01-01	Asia/Pacific	INDIA                                          	134	41
171	2004-01-01	Asia/Pacific	INDONESIA                                      	68	12
172	2004-01-01	Asia/Pacific	IRAN (ISLAMIC REPUBLIC OF)                     	10	3
173	2004-01-01	Asia/Pacific	ISRAEL                                         	28	0
174	2004-01-01	Asia/Pacific	JAPAN                                          	791	35
175	2004-01-01	Asia/Pacific	JORDAN                                         	3	0
176	2004-01-01	Asia/Pacific	KAZAKHSTAN                                     	5	0
177	2004-01-01	Asia/Pacific	KOREA, REPUBLIC OF                             	47	10
178	2004-01-01	Asia/Pacific	KUWAIT                                         	3	4
179	2004-01-01	Asia/Pacific	LEBANON                                        	2	0
180	2004-01-01	Asia/Pacific	MACAO                                          	9	1
181	2004-01-01	Asia/Pacific	MALAYSIA                                       	140	14
182	2004-01-01	Asia/Pacific	MONGOLIA					1	0
183	2004-01-01	Asia/Pacific	NEPAL                                          	5	1
184	2004-01-01	Asia/Pacific	NEW ZEALAND                                    	79	19
185	2004-01-01	Asia/Pacific	OMAN                                           	1	0
186	2004-01-01	Asia/Pacific	PAKISTAN                                       	32	12
187	2004-01-01	Asia/Pacific	PALESTINIAN TERRITORY, OCCUPIED			2	0
188	2004-01-01	Asia/Pacific	PHILIPPINES                                    	90	33
189	2004-01-01	Asia/Pacific	QATAR                                          	1	0
190	2004-01-01	Asia/Pacific	SAUDI ARABIA                                   	15	11
191	2004-01-01	Asia/Pacific	SINGAPORE                                      	112	28
192	2004-01-01	Asia/Pacific	SRI LANKA                                      	13	5
193	2004-01-01	Asia/Pacific	SYRIAN ARAB REPUBLIC                           	0	2
194	2004-01-01	Asia/Pacific	TAJIKISTAN                                     	1	0
195	2004-01-01	Asia/Pacific	THAILAND                                       	125	37
196	2004-01-01	Asia/Pacific	TURKEY                                         	12	5
197	2004-01-01	Asia/Pacific	UNITED ARAB EMIRATES                           	3	6
198	2004-01-01	Asia/Pacific	UZBEKISTAN                                     	2	0
199	2004-01-01	Asia/Pacific	VIET NAM                                       	22	3
200	2004-01-01	Europe	ALBANIA                                        	1	0
201	2004-01-01	Europe	AUSTRIA                                        	50	16
202	2004-01-01	Europe	BELARUS                                        	2	0
203	2004-01-01	Europe	BELGIUM                                        	27	16
204	2004-01-01	Europe	BOSNIA AND HERZEGOVINA                         	3	0
205	2004-01-01	Europe	BULGARIA                                       	57	1
206	2004-01-01	Europe	CROATIA 				       	3	1
207	2004-01-01	Europe	CZECH REPUBLIC                                 	36	4
208	2004-01-01	Europe	DENMARK                                        	47	8
209	2004-01-01	Europe	ESTONIA                                        	7	0
210	2004-01-01	Europe	EUROPEAN UNION	621	33
211	2004-01-01	Europe	FAROE ISLANDS                                  	1	0
212	2004-01-01	Europe	FINLAND                                        	46	47
213	2004-01-01	Europe	FRANCE                                         	54	111
214	2004-01-01	Europe	GERMANY                                        	309	2813
215	2004-01-01	Europe	GIBRALTAR                                      	1	0
216	2004-01-01	Europe	GREECE                                         	14	5
217	2004-01-01	Europe	HUNGARY                                        	21	4
218	2004-01-01	Europe	ICELAND                                        	2	2
219	2004-01-01	Europe	IRELAND                                        	19	7
220	2004-01-01	Europe	ITALY                                          	189	28
221	2004-01-01	Europe	LATVIA                                         	16	2
222	2004-01-01	Europe	LIECHTENSTEIN                                  	3	0
223	2004-01-01	Europe	LITHUANIA                                      	8	0
224	2004-01-01	Europe	LUXEMBOURG                                     	9	4
225	2004-01-01	Europe	MALTA                                          	1	0
226	2004-01-01	Europe	MOLDOVA, REPUBLIC OF                           	4	0
227	2004-01-01	Europe	NETHERLANDS                                    	128	58
228	2004-01-01	Europe	NORWAY                                         	42	52
229	2004-01-01	Europe	POLAND                                         	209	9
230	2004-01-01	Europe	PORTUGAL                                       	19	4
231	2004-01-01	Europe	ROMANIA                                        	84	2
232	2004-01-01	Europe	RUSSIAN FEDERATION                             	260	6
233	2004-01-01	Europe	SERBIA	5	0
234	2004-01-01	Europe	SLOVAKIA 			               	13	0
235	2004-01-01	Europe	SLOVENIA                                       	18	1
236	2004-01-01	Europe	SPAIN                                          	50	15
237	2004-01-01	Europe	SWEDEN                                         	111	34
238	2004-01-01	Europe	SWITZERLAND                                    	80	42
239	2004-01-01	Europe	UKRAINE                                        	147	3
240	2004-01-01	Europe	UNITED KINGDOM                                 	5	103
241	2004-01-01	Europe	YUGOSLAVIA                                     	4	2
242	2004-01-01	None	None	311	74
243	2004-01-01	North America	ANTIGUA AND BARBUDA                            	2	1
244	2004-01-01	North America	BAHAMAS                                        	2	1
245	2004-01-01	North America	BELIZE                                         	4	0
246	2004-01-01	North America	BERMUDA                                        	4	0
247	2004-01-01	North America	CANADA                                         	131	87
248	2004-01-01	North America	COSTA RICA                                     	2	0
249	2004-01-01	North America	CUBA                                           	3	0
250	2004-01-01	North America	DOMINICAN REPUBLIC                             	5	2
251	2004-01-01	North America	EL SALVADOR                                    	4	0
252	2004-01-01	North America	GUATEMALA                                      	6	0
253	2004-01-01	North America	HAITI                                          	4	0
254	2004-01-01	North America	JAMAICA                                        	1	0
255	2004-01-01	North America	MEXICO                                         	13	2
256	2004-01-01	North America	NETHERLANDS ANTILLES                           	4	0
257	2004-01-01	North America	NICARAGUA                                      	3	3
258	2004-01-01	North America	PANAMA                                         	7	2
259	2004-01-01	North America	SAINT LUCIA                                    	1	0
260	2004-01-01	North America	SURINAME					1	0
261	2004-01-01	North America	UNITED STATES                                  	1490	611
262	2004-01-01	North America	VIRGIN ISLANDS (U.S.)                          	3	0
263	2004-01-01	Other	TAIWAN, PROVINCE OF CHINA                      	213	40
264	2004-01-01	South America	ARGENTINA                                      	36	0
265	2004-01-01	South America	BOLIVIA                                        	5	0
266	2004-01-01	South America	BRAZIL                                         	6	2
267	2004-01-01	South America	CHILE                                          	24	2
268	2004-01-01	South America	COLOMBIA                                       	14	0
269	2004-01-01	South America	ECUADOR                                        	13	0
270	2004-01-01	South America	PARAGUAY                                       	1	0
271	2004-01-01	South America	PERU                                           	7	2
272	2004-01-01	South America	TRINIDAD AND TOBAGO                            	4	1
273	2004-01-01	South America	URUGUAY                                        	8	0
274	2004-01-01	South America	VENEZUELA, BOLIVARIAN REPUBLIC OF              	12	0
275	2005-01-01	Africa	ALGERIA                                        	3	0
276	2005-01-01	Africa	ANGOLA                                         	3	0
277	2005-01-01	Africa	BENIN                                          	1	0
278	2005-01-01	Africa	BOTSWANA                                       	1	0
279	2005-01-01	Africa	BURKINA FASO                                   	1	0
280	2005-01-01	Africa	BURUNDI                                        	1	0
281	2005-01-01	Africa	CONGO, THE DEMOCRATIC REPUBLIC OF THE          	1	0
282	2005-01-01	Africa	EGYPT                                          	7	1
283	2005-01-01	Africa	FIJI                                           	2	0
284	2005-01-01	Africa	FRENCH POLYNESIA                               	2	0
285	2005-01-01	Africa	GABON                                          	1	0
286	2005-01-01	Africa	GAMBIA                                         	1	0
287	2005-01-01	Africa	GHANA                                          	2	0
288	2005-01-01	Africa	GUAM                                           	1	0
289	2005-01-01	Africa	GUINEA-BISSAU                                  	1	0
290	2005-01-01	Africa	KENYA                                          	4	4
291	2005-01-01	Africa	LESOTHO                                        	1	0
292	2005-01-01	Africa	MALAWI                                         	1	0
293	2005-01-01	Africa	MAURITIUS                                      	8	0
294	2005-01-01	Africa	MOROCCO                                        	4	0
295	2005-01-01	Africa	MOZAMBIQUE                                     	3	0
296	2005-01-01	Africa	NAMIBIA                                        	1	0
297	2005-01-01	Africa	NEW CALEDONIA                                  	4	0
298	2005-01-01	Africa	NIGERIA                                        	8	0
299	2005-01-01	Africa	NIUE                                           	1	0
300	2005-01-01	Africa	NORFOLK ISLAND                                 	2	0
301	2005-01-01	Africa	PAPUA NEW GUINEA                               	1	0
302	2005-01-01	Africa	RWANDA                                         	1	0
303	2005-01-01	Africa	SENEGAL                                        	1	0
304	2005-01-01	Africa	SEYCHELLES                                     	2	0
305	2005-01-01	Africa	SOUTH AFRICA                                   	528	8
306	2005-01-01	Africa	SUDAN						2	0
307	2005-01-01	Africa	TANZANIA, UNITED REPUBLIC OF                   	6	0
308	2005-01-01	Africa	UGANDA                                         	1	0
309	2005-01-01	Africa	ZAMBIA                                         	2	0
310	2005-01-01	Africa	ZIMBABWE                                       	1	1
311	2005-01-01	Asia/Pacific	AFGHANISTAN                                    	1	0
312	2005-01-01	Asia/Pacific	ARMENIA                                        	1	0
313	2005-01-01	Asia/Pacific	AUSTRALIA                                      	907	368
314	2005-01-01	Asia/Pacific	AZERBAIJAN                                     	3	0
315	2005-01-01	Asia/Pacific	Asia/Pacific Region	9	0
316	2005-01-01	Asia/Pacific	BAHRAIN                                        	9	0
317	2005-01-01	Asia/Pacific	BANGLADESH                                     	14	0
318	2005-01-01	Asia/Pacific	BHUTAN                                         	1	0
319	2005-01-01	Asia/Pacific	CAMBODIA                                       	4	0
320	2005-01-01	Asia/Pacific	CHINA                                          	147	7
321	2005-01-01	Asia/Pacific	CYPRUS                                         	5	0
322	2005-01-01	Asia/Pacific	GEORGIA                                        	11	0
323	2005-01-01	Asia/Pacific	HONG KONG                                      	27	11
324	2005-01-01	Asia/Pacific	INDIA                                          	58	5
325	2005-01-01	Asia/Pacific	INDONESIA                                      	51	0
326	2005-01-01	Asia/Pacific	IRAN (ISLAMIC REPUBLIC OF)                     	8	0
327	2005-01-01	Asia/Pacific	IRAQ                                           	3	0
328	2005-01-01	Asia/Pacific	ISRAEL                                         	34	15
329	2005-01-01	Asia/Pacific	JAPAN                                          	197	138
330	2005-01-01	Asia/Pacific	JORDAN                                         	7	1
331	2005-01-01	Asia/Pacific	KAZAKHSTAN                                     	6	0
332	2005-01-01	Asia/Pacific	KOREA, REPUBLIC OF                             	72	14
333	2005-01-01	Asia/Pacific	KUWAIT                                         	5	0
334	2005-01-01	Asia/Pacific	KYRGYZSTAN                                     	2	0
335	2005-01-01	Asia/Pacific	LAO PEOPLE'S DEMOCRATIC REPUBLIC               	2	0
336	2005-01-01	Asia/Pacific	LEBANON                                        	6	0
337	2005-01-01	Asia/Pacific	MACAO                                          	2	0
338	2005-01-01	Asia/Pacific	MALAYSIA                                       	13	1
339	2005-01-01	Asia/Pacific	MALDIVES                                       	2	0
340	2005-01-01	Asia/Pacific	MONGOLIA					1	0
341	2005-01-01	Asia/Pacific	NEPAL                                          	1	0
342	2005-01-01	Asia/Pacific	NEW ZEALAND                                    	473	75
343	2005-01-01	Asia/Pacific	PAKISTAN                                       	16	1
344	2005-01-01	Asia/Pacific	PALESTINIAN TERRITORY, OCCUPIED			4	0
345	2005-01-01	Asia/Pacific	PHILIPPINES                                    	27	9
346	2005-01-01	Asia/Pacific	QATAR                                          	2	0
347	2005-01-01	Asia/Pacific	SAUDI ARABIA                                   	17	6
348	2005-01-01	Asia/Pacific	SINGAPORE                                      	30	7
349	2005-01-01	Asia/Pacific	SRI LANKA                                      	0	1
350	2005-01-01	Asia/Pacific	SYRIAN ARAB REPUBLIC                           	1	0
351	2005-01-01	Asia/Pacific	TAJIKISTAN                                     	1	0
352	2005-01-01	Asia/Pacific	THAILAND                                       	24	10
353	2005-01-01	Asia/Pacific	TURKEY                                         	29	6
354	2005-01-01	Asia/Pacific	UNITED ARAB EMIRATES                           	6	2
355	2005-01-01	Asia/Pacific	UZBEKISTAN                                     	3	0
356	2005-01-01	Asia/Pacific	VIET NAM                                       	11	0
357	2005-01-01	Europe	ALBANIA                                        	3	0
358	2005-01-01	Europe	ANDORRA                                        	1	0
359	2005-01-01	Europe	AUSTRIA                                        	74	77
360	2005-01-01	Europe	BELARUS                                        	4	0
361	2005-01-01	Europe	BELGIUM                                        	144	57
362	2005-01-01	Europe	BOSNIA AND HERZEGOVINA                         	7	0
363	2005-01-01	Europe	BULGARIA                                       	36	2
364	2005-01-01	Europe	CROATIA 				       	11	1
365	2005-01-01	Europe	CZECH REPUBLIC                                 	31	10
366	2005-01-01	Europe	DENMARK                                        	48	17
367	2005-01-01	Europe	ESTONIA                                        	15	0
368	2005-01-01	Europe	EUROPEAN UNION	2819	93
369	2005-01-01	Europe	FINLAND                                        	30	126
370	2005-01-01	Europe	FRANCE                                         	152	230
371	2005-01-01	Europe	GERMANY                                        	314	677
372	2005-01-01	Europe	GIBRALTAR                                      	2	0
373	2005-01-01	Europe	GREECE                                         	59	10
374	2005-01-01	Europe	HUNGARY                                        	22	16
375	2005-01-01	Europe	ICELAND                                        	6	1
376	2005-01-01	Europe	IRELAND                                        	45	19
377	2005-01-01	Europe	ITALY                                          	68	382
378	2005-01-01	Europe	LATVIA                                         	28	2
379	2005-01-01	Europe	LIECHTENSTEIN                                  	6	0
380	2005-01-01	Europe	LITHUANIA                                      	15	0
381	2005-01-01	Europe	LUXEMBOURG                                     	12	17
382	2005-01-01	Europe	MACEDONIA, THE FORMER YUGOSLAV REPUBLIC OF     	2	0
383	2005-01-01	Europe	MALTA                                          	12	1
384	2005-01-01	Europe	MOLDOVA, REPUBLIC OF                           	4	0
385	2005-01-01	Europe	MONACO                                         	3	0
386	2005-01-01	Europe	NETHERLANDS                                    	174	161
387	2005-01-01	Europe	NORWAY                                         	39	110
388	2005-01-01	Europe	POLAND                                         	217	25
389	2005-01-01	Europe	PORTUGAL                                       	11	102
390	2005-01-01	Europe	ROMANIA                                        	142	5
391	2005-01-01	Europe	RUSSIAN FEDERATION                             	311	26
392	2005-01-01	Europe	SERBIA	4	0
393	2005-01-01	Europe	SLOVAKIA 			               	16	6
394	2005-01-01	Europe	SLOVENIA                                       	16	2
395	2005-01-01	Europe	SPAIN                                          	84	91
396	2005-01-01	Europe	SWEDEN                                         	87	221
397	2005-01-01	Europe	SWITZERLAND                                    	469	458
398	2005-01-01	Europe	UKRAINE                                        	148	7
399	2005-01-01	Europe	UNITED KINGDOM                                 	2	499
400	2005-01-01	Europe	YUGOSLAVIA                                     	3	18
401	2005-01-01	None	None	446	30
402	2005-01-01	North America	ANGUILLA                                       	1	0
403	2005-01-01	North America	ANTIGUA AND BARBUDA                            	1	0
404	2005-01-01	North America	ARUBA                                          	1	0
405	2005-01-01	North America	BAHAMAS                                        	1	1
406	2005-01-01	North America	BARBADOS                                       	2	0
407	2005-01-01	North America	BERMUDA                                        	2	0
408	2005-01-01	North America	CANADA                                         	105	70
409	2005-01-01	North America	CAYMAN ISLANDS                                 	1	0
410	2005-01-01	North America	COSTA RICA                                     	2	0
411	2005-01-01	North America	CUBA                                           	3	1
412	2005-01-01	North America	DOMINICAN REPUBLIC                             	4	0
413	2005-01-01	North America	EL SALVADOR                                    	3	0
414	2005-01-01	North America	GREENLAND                                      	1	0
415	2005-01-01	North America	GUATEMALA                                      	2	0
416	2005-01-01	North America	HONDURAS                                       	1	0
417	2005-01-01	North America	JAMAICA                                        	5	1
418	2005-01-01	North America	MEXICO                                         	4	2
419	2005-01-01	North America	NETHERLANDS ANTILLES                           	5	0
420	2005-01-01	North America	NICARAGUA                                      	1	0
421	2005-01-01	North America	PANAMA                                         	9	2
422	2005-01-01	North America	PUERTO RICO                                    	5	0
423	2005-01-01	North America	SAINT KITTS AND NEVIS                          	1	0
424	2005-01-01	North America	SURINAME					1	0
425	2005-01-01	North America	UNITED STATES                                  	1072	509
426	2005-01-01	North America	VIRGIN ISLANDS (BRITISH)                       	1	0
427	2005-01-01	North America	VIRGIN ISLANDS (U.S.)                          	1	0
428	2005-01-01	Other	TAIWAN, PROVINCE OF CHINA                      	27	23
429	2005-01-01	South America	ARGENTINA                                      	35	4
430	2005-01-01	South America	BOLIVIA                                        	2	0
431	2005-01-01	South America	BRAZIL                                         	3	2
432	2005-01-01	South America	CHILE                                          	25	3
433	2005-01-01	South America	COLOMBIA                                       	33	0
434	2005-01-01	South America	ECUADOR                                        	12	0
435	2005-01-01	South America	PARAGUAY                                       	6	0
436	2005-01-01	South America	PERU                                           	5	0
437	2005-01-01	South America	TRINIDAD AND TOBAGO                            	5	0
438	2005-01-01	South America	URUGUAY                                        	5	0
439	2005-01-01	South America	VENEZUELA, BOLIVARIAN REPUBLIC OF              	9	0
440	2006-01-01	Africa	ALGERIA                                        	4	0
441	2006-01-01	Africa	ANGOLA                                         	6	0
442	2006-01-01	Africa	BENIN                                          	1	0
443	2006-01-01	Africa	BOTSWANA                                       	2	0
444	2006-01-01	Africa	BURUNDI                                        	1	0
445	2006-01-01	Africa	CAMEROON                                       	4	0
446	2006-01-01	Africa	CENTRAL AFRICAN REPUBLIC                       	1	0
447	2006-01-01	Africa	COTE D'IVOIRE                                  	2	0
448	2006-01-01	Africa	EGYPT                                          	8	0
449	2006-01-01	Africa	FIJI                                           	1	0
450	2006-01-01	Africa	FRENCH POLYNESIA                               	1	0
451	2006-01-01	Africa	GABON                                          	1	0
452	2006-01-01	Africa	GHANA                                          	6	0
453	2006-01-01	Africa	GUAM                                           	1	0
454	2006-01-01	Africa	KENYA                                          	10	0
455	2006-01-01	Africa	KIRIBATI                                       	1	0
456	2006-01-01	Africa	LESOTHO                                        	1	0
457	2006-01-01	Africa	LIBERIA                                        	1	0
458	2006-01-01	Africa	LIBYAN ARAB JAMAHIRIYA                         	1	0
459	2006-01-01	Africa	MADAGASCAR                                     	2	0
460	2006-01-01	Africa	MAURITIUS                                      	3	0
461	2006-01-01	Africa	MICRONESIA, FEDERATED STATES OF                	1	0
462	2006-01-01	Africa	MOROCCO                                        	2	0
463	2006-01-01	Africa	MOZAMBIQUE                                     	4	0
464	2006-01-01	Africa	NAMIBIA                                        	2	0
465	2006-01-01	Africa	NEW CALEDONIA                                  	1	0
466	2006-01-01	Africa	NIGERIA                                        	11	0
467	2006-01-01	Africa	NORTHERN MARIANA ISLANDS                       	1	0
468	2006-01-01	Africa	PAPUA NEW GUINEA                               	1	0
469	2006-01-01	Africa	RWANDA                                         	1	0
470	2006-01-01	Africa	SENEGAL                                        	1	0
471	2006-01-01	Africa	SEYCHELLES                                     	1	0
472	2006-01-01	Africa	SIERRA LEONE                                   	2	0
473	2006-01-01	Africa	SOUTH AFRICA                                   	30	5
474	2006-01-01	Africa	SUDAN						1	0
475	2006-01-01	Africa	SWAZILAND                                      	3	0
476	2006-01-01	Africa	TANZANIA, UNITED REPUBLIC OF                   	7	0
477	2006-01-01	Africa	TOGO                                           	1	0
478	2006-01-01	Africa	TONGA                                          	2	0
479	2006-01-01	Africa	TUNISIA                                        	1	0
480	2006-01-01	Africa	UGANDA                                         	3	0
481	2006-01-01	Africa	VANUATU                                        	1	0
482	2006-01-01	Africa	ZAMBIA                                         	2	0
483	2006-01-01	Africa	ZIMBABWE                                       	2	0
484	2006-01-01	Asia/Pacific	AFGHANISTAN                                    	4	0
485	2006-01-01	Asia/Pacific	ARMENIA                                        	4	0
486	2006-01-01	Asia/Pacific	AUSTRALIA                                      	828	276
487	2006-01-01	Asia/Pacific	AZERBAIJAN                                     	6	1
488	2006-01-01	Asia/Pacific	Asia/Pacific Region	3	8
489	2006-01-01	Asia/Pacific	BAHRAIN                                        	6	0
490	2006-01-01	Asia/Pacific	BANGLADESH                                     	34	0
491	2006-01-01	Asia/Pacific	BHUTAN                                         	1	0
492	2006-01-01	Asia/Pacific	CAMBODIA                                       	7	0
493	2006-01-01	Asia/Pacific	CHINA                                          	254	27
494	2006-01-01	Asia/Pacific	CYPRUS                                         	8	0
495	2006-01-01	Asia/Pacific	GEORGIA                                        	4	0
496	2006-01-01	Asia/Pacific	HONG KONG                                      	36	8
497	2006-01-01	Asia/Pacific	INDIA                                          	62	10
498	2006-01-01	Asia/Pacific	INDONESIA                                      	53	1
499	2006-01-01	Asia/Pacific	IRAN (ISLAMIC REPUBLIC OF)                     	11	0
500	2006-01-01	Asia/Pacific	IRAQ                                           	1	0
501	2006-01-01	Asia/Pacific	ISRAEL                                         	23	2
502	2006-01-01	Asia/Pacific	JAPAN                                          	192	12
503	2006-01-01	Asia/Pacific	JORDAN                                         	3	1
504	2006-01-01	Asia/Pacific	KAZAKHSTAN                                     	14	0
505	2006-01-01	Asia/Pacific	KOREA, REPUBLIC OF                             	120	5
506	2006-01-01	Asia/Pacific	KUWAIT                                         	12	0
507	2006-01-01	Asia/Pacific	KYRGYZSTAN                                     	2	0
508	2006-01-01	Asia/Pacific	LAO PEOPLE'S DEMOCRATIC REPUBLIC               	1	0
509	2006-01-01	Asia/Pacific	LEBANON                                        	5	1
510	2006-01-01	Asia/Pacific	MALAYSIA                                       	20	1
511	2006-01-01	Asia/Pacific	MALDIVES                                       	1	0
512	2006-01-01	Asia/Pacific	MONGOLIA					8	0
513	2006-01-01	Asia/Pacific	NEPAL                                          	1	0
514	2006-01-01	Asia/Pacific	NEW ZEALAND                                    	33	14
515	2006-01-01	Asia/Pacific	PAKISTAN                                       	13	5
516	2006-01-01	Asia/Pacific	PALESTINIAN TERRITORY, OCCUPIED			4	0
517	2006-01-01	Asia/Pacific	PHILIPPINES                                    	23	6
518	2006-01-01	Asia/Pacific	QATAR                                          	1	0
519	2006-01-01	Asia/Pacific	SAUDI ARABIA                                   	26	0
520	2006-01-01	Asia/Pacific	SINGAPORE                                      	23	0
521	2006-01-01	Asia/Pacific	SRI LANKA                                      	3	1
522	2006-01-01	Asia/Pacific	SYRIAN ARAB REPUBLIC                           	4	0
523	2006-01-01	Asia/Pacific	THAILAND                                       	19	9
524	2006-01-01	Asia/Pacific	TURKEY                                         	30	5
525	2006-01-01	Asia/Pacific	UNITED ARAB EMIRATES                           	2	0
526	2006-01-01	Asia/Pacific	UZBEKISTAN                                     	3	0
527	2006-01-01	Asia/Pacific	VIET NAM                                       	11	2
528	2006-01-01	Asia/Pacific	YEMEN                                          	1	0
529	2006-01-01	Europe	ALAND ISLANDS					1	0
530	2006-01-01	Europe	ANDORRA                                        	1	0
531	2006-01-01	Europe	AUSTRIA                                        	67	8
532	2006-01-01	Europe	BELARUS                                        	3	0
533	2006-01-01	Europe	BELGIUM                                        	26	3
534	2006-01-01	Europe	BOSNIA AND HERZEGOVINA                         	3	0
535	2006-01-01	Europe	BULGARIA                                       	40	1
536	2006-01-01	Europe	CROATIA 				       	9	0
537	2006-01-01	Europe	CZECH REPUBLIC                                 	276	5
538	2006-01-01	Europe	DENMARK                                        	56	1
539	2006-01-01	Europe	ESTONIA                                        	13	0
540	2006-01-01	Europe	EUROPEAN UNION	66	18
541	2006-01-01	Europe	FAROE ISLANDS                                  	3	0
542	2006-01-01	Europe	FINLAND                                        	34	2
543	2006-01-01	Europe	FRANCE                                         	120	4
544	2006-01-01	Europe	GERMANY                                        	244	23
545	2006-01-01	Europe	GREECE                                         	24	6
546	2006-01-01	Europe	HUNGARY                                        	33	2
547	2006-01-01	Europe	ICELAND                                        	4	0
548	2006-01-01	Europe	IRELAND                                        	42	8
549	2006-01-01	Europe	ITALY                                          	76	7
550	2006-01-01	Europe	LATVIA                                         	28	1
551	2006-01-01	Europe	LIECHTENSTEIN                                  	1	0
552	2006-01-01	Europe	LITHUANIA                                      	14	3
553	2006-01-01	Europe	LUXEMBOURG                                     	4	1
554	2006-01-01	Europe	MACEDONIA, THE FORMER YUGOSLAV REPUBLIC OF     	4	0
555	2006-01-01	Europe	MALTA                                          	2	1
556	2006-01-01	Europe	MOLDOVA, REPUBLIC OF                           	4	0
557	2006-01-01	Europe	MONACO                                         	3	0
558	2006-01-01	Europe	NETHERLANDS                                    	119	11
559	2006-01-01	Europe	NORWAY                                         	49	1
560	2006-01-01	Europe	POLAND                                         	267	11
561	2006-01-01	Europe	PORTUGAL                                       	17	1
562	2006-01-01	Europe	ROMANIA                                        	182	9
563	2006-01-01	Europe	RUSSIAN FEDERATION                             	371	5
564	2006-01-01	Europe	SAN MARINO                                     	1	0
565	2006-01-01	Europe	SERBIA						1	0
566	2006-01-01	Europe	SERBIA	56	0
567	2006-01-01	Europe	SLOVAKIA 			               	10	2
568	2006-01-01	Europe	SLOVENIA                                       	25	0
569	2006-01-01	Europe	SPAIN                                          	37	5
570	2006-01-01	Europe	SWEDEN                                         	111	6
571	2006-01-01	Europe	SWITZERLAND                                    	101	15
572	2006-01-01	Europe	UKRAINE                                        	263	1
573	2006-01-01	Europe	UNITED KINGDOM                                 	3006	1
574	2006-01-01	Europe	YUGOSLAVIA                                     	0	37
575	2006-01-01	None	None	0	1824
576	2006-01-01	North America	ANGUILLA                                       	1	0
577	2006-01-01	North America	ANTIGUA AND BARBUDA                            	1	2
578	2006-01-01	North America	ARUBA                                          	1	0
579	2006-01-01	North America	BAHAMAS                                        	2	0
580	2006-01-01	North America	BARBADOS                                       	2	1
581	2006-01-01	North America	BELIZE                                         	1	0
582	2006-01-01	North America	CANADA                                         	176	78
583	2006-01-01	North America	COSTA RICA                                     	2	0
584	2006-01-01	North America	CUBA                                           	2	0
585	2006-01-01	North America	DOMINICAN REPUBLIC                             	6	0
586	2006-01-01	North America	EL SALVADOR                                    	5	0
587	2006-01-01	North America	GUADELOUPE                                     	1	0
588	2006-01-01	North America	GUATEMALA                                      	9	0
589	2006-01-01	North America	HONDURAS                                       	6	0
590	2006-01-01	North America	JAMAICA                                        	3	3
591	2006-01-01	North America	MEXICO                                         	2	0
592	2006-01-01	North America	NETHERLANDS ANTILLES                           	10	0
593	2006-01-01	North America	NICARAGUA                                      	1	0
594	2006-01-01	North America	PANAMA                                         	8	2
595	2006-01-01	North America	PUERTO RICO                                    	18	4
596	2006-01-01	North America	SAINT KITTS AND NEVIS                          	1	0
597	2006-01-01	North America	SURINAME					1	0
598	2006-01-01	North America	UNITED STATES                                  	1350	625
599	2006-01-01	North America	VIRGIN ISLANDS (U.S.)                          	1	0
600	2006-01-01	Other	BRITISH INDIAN OCEAN TERRITORY                 	1	0
601	2006-01-01	Other	TAIWAN, PROVINCE OF CHINA                      	44	0
602	2006-01-01	South America	ARGENTINA                                      	46	1
603	2006-01-01	South America	BOLIVIA                                        	5	0
604	2006-01-01	South America	BRAZIL                                         	1	0
605	2006-01-01	South America	CHILE                                          	23	0
606	2006-01-01	South America	COLOMBIA                                       	39	0
607	2006-01-01	South America	ECUADOR                                        	12	0
608	2006-01-01	South America	FRENCH GUIANA                                  	1	0
609	2006-01-01	South America	GUYANA                                         	1	0
610	2006-01-01	South America	PARAGUAY                                       	2	0
611	2006-01-01	South America	PERU                                           	9	0
612	2006-01-01	South America	TRINIDAD AND TOBAGO                            	3	0
613	2006-01-01	South America	URUGUAY                                        	7	0
614	2006-01-01	South America	VENEZUELA, BOLIVARIAN REPUBLIC OF              	13	0
615	2007-01-01	Africa	ALGERIA                                        	6	5
616	2007-01-01	Africa	ANGOLA                                         	5	1
617	2007-01-01	Africa	BOTSWANA                                       	3	0
618	2007-01-01	Africa	BURKINA FASO                                   	1	0
619	2007-01-01	Africa	CAMEROON                                       	4	0
620	2007-01-01	Africa	CAPE VERDE                                     	1	0
621	2007-01-01	Africa	CENTRAL AFRICAN REPUBLIC                       	1	0
622	2007-01-01	Africa	CONGO                                          	1	0
623	2007-01-01	Africa	CONGO, THE DEMOCRATIC REPUBLIC OF THE          	2	0
624	2007-01-01	Africa	COTE D'IVOIRE                                  	6	0
625	2007-01-01	Africa	EGYPT                                          	16	5
626	2007-01-01	Africa	EQUATORIAL GUINEA                              	1	0
627	2007-01-01	Africa	FIJI                                           	2	0
628	2007-01-01	Africa	GABON                                          	3	0
629	2007-01-01	Africa	GHANA                                          	9	3
630	2007-01-01	Africa	GUAM                                           	2	0
631	2007-01-01	Africa	KENYA                                          	11	1
632	2007-01-01	Africa	LIBERIA                                        	0	1
633	2007-01-01	Africa	LIBYAN ARAB JAMAHIRIYA                         	1	0
634	2007-01-01	Africa	MALAWI                                         	1	0
635	2007-01-01	Africa	MALI                                           	1	0
636	2007-01-01	Africa	MARSHALL ISLANDS                               	1	0
637	2007-01-01	Africa	MAURITIUS                                      	5	0
638	2007-01-01	Africa	MOROCCO                                        	1	2
639	2007-01-01	Africa	MOZAMBIQUE                                     	4	3
640	2007-01-01	Africa	NAMIBIA                                        	1	0
641	2007-01-01	Africa	NEW CALEDONIA                                  	1	0
642	2007-01-01	Africa	NIGER                                          	0	1
643	2007-01-01	Africa	NIGERIA                                        	15	3
644	2007-01-01	Africa	PAPUA NEW GUINEA                               	1	0
645	2007-01-01	Africa	RWANDA                                         	1	0
646	2007-01-01	Africa	SAMOA                                          	2	0
647	2007-01-01	Africa	SEYCHELLES                                     	2	0
648	2007-01-01	Africa	SIERRA LEONE                                   	2	0
649	2007-01-01	Africa	SOUTH AFRICA                                   	47	12
650	2007-01-01	Africa	SUDAN						3	0
651	2007-01-01	Africa	SWAZILAND                                      	1	0
652	2007-01-01	Africa	TANZANIA, UNITED REPUBLIC OF                   	7	0
653	2007-01-01	Africa	UGANDA                                         	4	0
654	2007-01-01	Africa	VANUATU                                        	1	0
655	2007-01-01	Africa	WALLIS AND FUTUNA 	                       	1	0
656	2007-01-01	Africa	ZAMBIA                                         	1	0
657	2007-01-01	Africa	ZIMBABWE                                       	1	0
658	2007-01-01	Asia/Pacific	AFGHANISTAN                                    	5	0
659	2007-01-01	Asia/Pacific	ARMENIA                                        	7	0
660	2007-01-01	Asia/Pacific	AUSTRALIA                                      	478	143
661	2007-01-01	Asia/Pacific	AZERBAIJAN                                     	2	0
662	2007-01-01	Asia/Pacific	BAHRAIN                                        	5	0
663	2007-01-01	Asia/Pacific	BANGLADESH                                     	20	2
664	2007-01-01	Asia/Pacific	BHUTAN                                         	2	0
665	2007-01-01	Asia/Pacific	BRUNEI DARUSSALAM                              	1	0
666	2007-01-01	Asia/Pacific	CAMBODIA                                       	13	0
667	2007-01-01	Asia/Pacific	CHINA                                          	229	3
668	2007-01-01	Asia/Pacific	CYPRUS                                         	4	2
669	2007-01-01	Asia/Pacific	GEORGIA                                        	6	0
670	2007-01-01	Asia/Pacific	HONG KONG                                      	43	4
671	2007-01-01	Asia/Pacific	INDIA                                          	73	10
672	2007-01-01	Asia/Pacific	INDONESIA                                      	73	6
673	2007-01-01	Asia/Pacific	IRAN (ISLAMIC REPUBLIC OF)                     	19	2
674	2007-01-01	Asia/Pacific	IRAQ                                           	2	1
675	2007-01-01	Asia/Pacific	ISRAEL                                         	32	7
676	2007-01-01	Asia/Pacific	JAPAN                                          	150	9
677	2007-01-01	Asia/Pacific	JORDAN                                         	9	0
678	2007-01-01	Asia/Pacific	KAZAKHSTAN                                     	16	0
679	2007-01-01	Asia/Pacific	KOREA, REPUBLIC OF                             	71	0
680	2007-01-01	Asia/Pacific	KUWAIT                                         	10	0
681	2007-01-01	Asia/Pacific	KYRGYZSTAN                                     	3	0
682	2007-01-01	Asia/Pacific	LEBANON                                        	7	0
683	2007-01-01	Asia/Pacific	MACAO                                          	1	0
684	2007-01-01	Asia/Pacific	MALAYSIA                                       	15	3
685	2007-01-01	Asia/Pacific	MALDIVES                                       	1	0
686	2007-01-01	Asia/Pacific	MONGOLIA					3	0
687	2007-01-01	Asia/Pacific	NEPAL                                          	8	0
688	2007-01-01	Asia/Pacific	NEW ZEALAND                                    	36	21
689	2007-01-01	Asia/Pacific	PAKISTAN                                       	13	4
690	2007-01-01	Asia/Pacific	PHILIPPINES                                    	33	9
691	2007-01-01	Asia/Pacific	QATAR                                          	1	0
692	2007-01-01	Asia/Pacific	SAUDI ARABIA                                   	27	1
693	2007-01-01	Asia/Pacific	SINGAPORE                                      	40	4
694	2007-01-01	Asia/Pacific	SRI LANKA                                      	4	0
695	2007-01-01	Asia/Pacific	SYRIAN ARAB REPUBLIC                           	2	0
696	2007-01-01	Asia/Pacific	TAJIKISTAN                                     	3	0
697	2007-01-01	Asia/Pacific	THAILAND                                       	18	1
698	2007-01-01	Asia/Pacific	TURKEY                                         	43	2
699	2007-01-01	Asia/Pacific	UNITED ARAB EMIRATES                           	2	0
700	2007-01-01	Asia/Pacific	UZBEKISTAN                                     	1	0
701	2007-01-01	Asia/Pacific	VIET NAM                                       	19	0
702	2007-01-01	Europe	ALBANIA                                        	6	0
703	2007-01-01	Europe	AUSTRIA                                        	347	31
704	2007-01-01	Europe	BELARUS                                        	3	1
705	2007-01-01	Europe	BELGIUM                                        	40	7
706	2007-01-01	Europe	BOSNIA AND HERZEGOVINA                         	13	1
707	2007-01-01	Europe	BULGARIA                                       	51	1
708	2007-01-01	Europe	CROATIA 				       	11	1
709	2007-01-01	Europe	CZECH REPUBLIC                                 	49	0
710	2007-01-01	Europe	DENMARK                                        	76	8
711	2007-01-01	Europe	ESTONIA                                        	8	1
712	2007-01-01	Europe	EUROPEAN UNION	106	15
713	2007-01-01	Europe	FINLAND                                        	321	5
714	2007-01-01	Europe	FRANCE                                         	108	23
715	2007-01-01	Europe	GERMANY                                        	230	61
716	2007-01-01	Europe	GREECE                                         	27	3
717	2007-01-01	Europe	GUERNSEY					1	0
718	2007-01-01	Europe	HUNGARY                                        	41	1
719	2007-01-01	Europe	ICELAND                                        	3	2
720	2007-01-01	Europe	IRELAND                                        	42	8
721	2007-01-01	Europe	ISLE OF MAN					3	0
722	2007-01-01	Europe	ITALY                                          	81	19
723	2007-01-01	Europe	JERSEY						1	0
724	2007-01-01	Europe	LATVIA                                         	33	1
725	2007-01-01	Europe	LITHUANIA                                      	24	0
726	2007-01-01	Europe	LUXEMBOURG                                     	6	0
727	2007-01-01	Europe	MACEDONIA, THE FORMER YUGOSLAV REPUBLIC OF     	8	0
728	2007-01-01	Europe	MALTA                                          	8	0
729	2007-01-01	Europe	MOLDOVA, REPUBLIC OF                           	7	0
730	2007-01-01	Europe	MONTENEGRO					3	0
731	2007-01-01	Europe	NETHERLANDS                                    	143	25
732	2007-01-01	Europe	NORWAY                                         	56	2
733	2007-01-01	Europe	POLAND                                         	286	17
734	2007-01-01	Europe	PORTUGAL                                       	11	3
735	2007-01-01	Europe	ROMANIA                                        	130	3
736	2007-01-01	Europe	RUSSIAN FEDERATION                             	542	13
737	2007-01-01	Europe	SAN MARINO                                     	1	0
738	2007-01-01	Europe	SERBIA						9	0
739	2007-01-01	Europe	SERBIA	15	0
740	2007-01-01	Europe	SLOVAKIA 			               	49	1
741	2007-01-01	Europe	SLOVENIA                                       	30	0
742	2007-01-01	Europe	SPAIN                                          	43	10
743	2007-01-01	Europe	SWEDEN                                         	98	11
744	2007-01-01	Europe	SWITZERLAND                                    	347	32
745	2007-01-01	Europe	UKRAINE                                        	388	17
746	2007-01-01	Europe	UNITED KINGDOM                                 	410	50
747	2007-01-01	North America	ANTIGUA AND BARBUDA                            	2	0
748	2007-01-01	North America	BARBADOS                                       	2	1
749	2007-01-01	North America	BELIZE                                         	1	0
750	2007-01-01	North America	BERMUDA                                        	5	1
751	2007-01-01	North America	CANADA                                         	153	71
752	2007-01-01	North America	CAYMAN ISLANDS                                 	2	0
753	2007-01-01	North America	COSTA RICA                                     	5	0
754	2007-01-01	North America	CUBA                                           	1	0
755	2007-01-01	North America	DOMINICAN REPUBLIC                             	7	0
756	2007-01-01	North America	EL SALVADOR                                    	3	0
757	2007-01-01	North America	GUADELOUPE                                     	3	0
758	2007-01-01	North America	GUATEMALA                                      	4	0
759	2007-01-01	North America	HAITI                                          	1	0
760	2007-01-01	North America	HONDURAS                                       	4	0
761	2007-01-01	North America	JAMAICA                                        	5	2
762	2007-01-01	North America	MEXICO                                         	3	0
763	2007-01-01	North America	MONTSERRAT                                     	1	0
764	2007-01-01	North America	NETHERLANDS ANTILLES                           	6	0
765	2007-01-01	North America	NICARAGUA                                      	5	0
766	2007-01-01	North America	PANAMA                                         	9	0
767	2007-01-01	North America	PUERTO RICO                                    	13	3
768	2007-01-01	North America	SAINT KITTS AND NEVIS                          	1	0
769	2007-01-01	North America	SAINT VINCENT AND THE GRENADINES               	1	0
770	2007-01-01	North America	SURINAME					1	0
771	2007-01-01	North America	TURKS AND CAICOS ISLANDS                       	1	0
772	2007-01-01	North America	UNITED STATES                                  	1785	587
773	2007-01-01	North America	VIRGIN ISLANDS (U.S.)                          	2	1
774	2007-01-01	Other	TAIWAN, PROVINCE OF CHINA                      	28	0
775	2007-01-01	South America	ARGENTINA                                      	46	0
776	2007-01-01	South America	BOLIVIA                                        	4	0
777	2007-01-01	South America	BRAZIL                                         	2	1
778	2007-01-01	South America	CHILE                                          	25	0
779	2007-01-01	South America	COLOMBIA                                       	37	0
780	2007-01-01	South America	ECUADOR                                        	17	0
781	2007-01-01	South America	PARAGUAY                                       	2	0
782	2007-01-01	South America	PERU                                           	6	0
783	2007-01-01	South America	TRINIDAD AND TOBAGO                            	7	0
784	2007-01-01	South America	URUGUAY                                        	6	0
785	2007-01-01	South America	VENEZUELA, BOLIVARIAN REPUBLIC OF              	20	0
786	2008-01-01	Africa	ALGERIA                                        	1	1
787	2008-01-01	Africa	ANGOLA                                         	4	0
788	2008-01-01	Africa	BENIN                                          	4	0
789	2008-01-01	Africa	BOTSWANA                                       	2	1
790	2008-01-01	Africa	BURKINA FASO                                   	3	0
791	2008-01-01	Africa	CAMEROON                                       	2	0
792	2008-01-01	Africa	CAPE VERDE                                     	1	0
793	2008-01-01	Africa	CENTRAL AFRICAN REPUBLIC                       	1	0
794	2008-01-01	Africa	CONGO                                          	3	0
795	2008-01-01	Africa	CONGO, THE DEMOCRATIC REPUBLIC OF THE          	2	0
796	2008-01-01	Africa	COTE D'IVOIRE                                  	4	0
797	2008-01-01	Africa	EGYPT                                          	13	1
798	2008-01-01	Africa	FIJI                                           	4	0
799	2008-01-01	Africa	GABON                                          	1	0
800	2008-01-01	Africa	GAMBIA                                         	1	0
801	2008-01-01	Africa	GHANA                                          	6	0
802	2008-01-01	Africa	GUAM                                           	1	0
803	2008-01-01	Africa	KENYA                                          	10	0
804	2008-01-01	Africa	LESOTHO                                        	2	0
805	2008-01-01	Africa	MADAGASCAR                                     	2	0
806	2008-01-01	Africa	MALAWI                                         	5	0
807	2008-01-01	Africa	MALI                                           	1	0
808	2008-01-01	Africa	MAURITANIA                                     	1	0
809	2008-01-01	Africa	MAURITIUS                                      	2	0
810	2008-01-01	Africa	MOROCCO                                        	1	0
811	2008-01-01	Africa	MOZAMBIQUE                                     	2	0
812	2008-01-01	Africa	NAMIBIA                                        	4	0
813	2008-01-01	Africa	NEW CALEDONIA                                  	5	0
814	2008-01-01	Africa	NIGER                                          	2	0
815	2008-01-01	Africa	NIGERIA                                        	16	0
816	2008-01-01	Africa	NORFOLK ISLAND                                 	1	0
817	2008-01-01	Africa	PAPUA NEW GUINEA                               	1	0
818	2008-01-01	Africa	REUNION                                        	1	0
819	2008-01-01	Africa	RWANDA                                         	5	0
820	2008-01-01	Africa	SAMOA                                          	1	0
821	2008-01-01	Africa	SENEGAL                                        	1	0
822	2008-01-01	Africa	SEYCHELLES                                     	3	0
823	2008-01-01	Africa	SIERRA LEONE                                   	1	1
824	2008-01-01	Africa	SOUTH AFRICA                                   	22	0
825	2008-01-01	Africa	SWAZILAND                                      	1	0
826	2008-01-01	Africa	TANZANIA, UNITED REPUBLIC OF                   	4	0
827	2008-01-01	Africa	TUNISIA                                        	1	0
828	2008-01-01	Africa	UGANDA                                         	2	0
829	2008-01-01	Africa	VANUATU                                        	1	0
830	2008-01-01	Africa	ZAMBIA                                         	4	0
831	2008-01-01	Africa	ZIMBABWE                                       	3	0
832	2008-01-01	Asia/Pacific	AFGHANISTAN                                    	2	0
833	2008-01-01	Asia/Pacific	ARMENIA                                        	18	0
834	2008-01-01	Asia/Pacific	AUSTRALIA                                      	307	69
835	2008-01-01	Asia/Pacific	AZERBAIJAN                                     	5	0
836	2008-01-01	Asia/Pacific	Asia/Pacific Region	19	0
837	2008-01-01	Asia/Pacific	BAHRAIN                                        	8	2
838	2008-01-01	Asia/Pacific	BANGLADESH                                     	18	9
839	2008-01-01	Asia/Pacific	BRUNEI DARUSSALAM                              	2	0
840	2008-01-01	Asia/Pacific	CAMBODIA                                       	12	2
841	2008-01-01	Asia/Pacific	CHINA                                          	166	5
842	2008-01-01	Asia/Pacific	CYPRUS                                         	8	2
843	2008-01-01	Asia/Pacific	GEORGIA                                        	14	2
844	2008-01-01	Asia/Pacific	HONG KONG                                      	37	13
845	2008-01-01	Asia/Pacific	INDIA                                          	96	6
846	2008-01-01	Asia/Pacific	INDONESIA                                      	79	6
847	2008-01-01	Asia/Pacific	IRAN (ISLAMIC REPUBLIC OF)                     	27	4
848	2008-01-01	Asia/Pacific	IRAQ                                           	2	0
849	2008-01-01	Asia/Pacific	ISRAEL                                         	48	2
850	2008-01-01	Asia/Pacific	JAPAN                                          	169	20
851	2008-01-01	Asia/Pacific	JORDAN                                         	7	5
852	2008-01-01	Asia/Pacific	KAZAKHSTAN                                     	16	3
853	2008-01-01	Asia/Pacific	KOREA, REPUBLIC OF                             	102	1
854	2008-01-01	Asia/Pacific	KUWAIT                                         	10	2
855	2008-01-01	Asia/Pacific	KYRGYZSTAN                                     	8	0
856	2008-01-01	Asia/Pacific	LAO PEOPLE'S DEMOCRATIC REPUBLIC               	2	0
857	2008-01-01	Asia/Pacific	LEBANON                                        	14	0
858	2008-01-01	Asia/Pacific	MACAO                                          	1	0
859	2008-01-01	Asia/Pacific	MALAYSIA                                       	30	12
860	2008-01-01	Asia/Pacific	MALDIVES                                       	2	0
861	2008-01-01	Asia/Pacific	MONGOLIA					6	0
862	2008-01-01	Asia/Pacific	NEPAL                                          	5	0
863	2008-01-01	Asia/Pacific	NEW ZEALAND                                    	48	2
864	2008-01-01	Asia/Pacific	PAKISTAN                                       	20	4
865	2008-01-01	Asia/Pacific	PALESTINIAN TERRITORY, OCCUPIED			1	0
866	2008-01-01	Asia/Pacific	PHILIPPINES                                    	38	7
867	2008-01-01	Asia/Pacific	QATAR                                          	1	0
868	2008-01-01	Asia/Pacific	SAUDI ARABIA                                   	21	5
869	2008-01-01	Asia/Pacific	SINGAPORE                                      	35	8
870	2008-01-01	Asia/Pacific	SRI LANKA                                      	6	9
871	2008-01-01	Asia/Pacific	SYRIAN ARAB REPUBLIC                           	3	0
872	2008-01-01	Asia/Pacific	TAJIKISTAN                                     	2	0
873	2008-01-01	Asia/Pacific	THAILAND                                       	27	2
874	2008-01-01	Asia/Pacific	TURKEY                                         	45	12
875	2008-01-01	Asia/Pacific	TURKMENISTAN                                   	1	0
876	2008-01-01	Asia/Pacific	UNITED ARAB EMIRATES                           	7	1
877	2008-01-01	Asia/Pacific	UZBEKISTAN                                     	6	0
878	2008-01-01	Asia/Pacific	VIET NAM                                       	26	0
879	2008-01-01	Europe	ALBANIA                                        	4	0
880	2008-01-01	Europe	AUSTRIA                                        	74	10
881	2008-01-01	Europe	BELARUS                                        	4	0
882	2008-01-01	Europe	BELGIUM                                        	37	7
883	2008-01-01	Europe	BOSNIA AND HERZEGOVINA                         	5	2
884	2008-01-01	Europe	BULGARIA                                       	56	1
885	2008-01-01	Europe	CROATIA 				       	15	1
886	2008-01-01	Europe	CZECH REPUBLIC                                 	133	2
887	2008-01-01	Europe	DENMARK                                        	68	4
888	2008-01-01	Europe	ESTONIA                                        	11	0
889	2008-01-01	Europe	EUROPEAN UNION	44	47
890	2008-01-01	Europe	FINLAND                                        	28	0
891	2008-01-01	Europe	FRANCE                                         	308	21
892	2008-01-01	Europe	GERMANY                                        	3494	48
893	2008-01-01	Europe	GIBRALTAR                                      	3	0
894	2008-01-01	Europe	GREECE                                         	17	9
895	2008-01-01	Europe	GUERNSEY					1	0
896	2008-01-01	Europe	HUNGARY                                        	35	5
897	2008-01-01	Europe	ICELAND                                        	7	0
898	2008-01-01	Europe	IRELAND                                        	35	12
899	2008-01-01	Europe	ISLE OF MAN					2	0
900	2008-01-01	Europe	ITALY                                          	109	44
901	2008-01-01	Europe	JERSEY						2	0
902	2008-01-01	Europe	LATVIA                                         	26	2
903	2008-01-01	Europe	LIECHTENSTEIN                                  	1	1
904	2008-01-01	Europe	LITHUANIA                                      	12	0
905	2008-01-01	Europe	LUXEMBOURG                                     	11	0
906	2008-01-01	Europe	MACEDONIA, THE FORMER YUGOSLAV REPUBLIC OF     	7	0
907	2008-01-01	Europe	MALTA                                          	4	0
908	2008-01-01	Europe	MOLDOVA, REPUBLIC OF                           	8	0
909	2008-01-01	Europe	MONACO                                         	3	0
910	2008-01-01	Europe	MONTENEGRO					2	0
911	2008-01-01	Europe	NETHERLANDS                                    	135	18
912	2008-01-01	Europe	NORWAY                                         	57	4
913	2008-01-01	Europe	POLAND                                         	242	8
914	2008-01-01	Europe	PORTUGAL                                       	19	6
915	2008-01-01	Europe	ROMANIA                                        	123	14
916	2008-01-01	Europe	RUSSIAN FEDERATION                             	834	41
917	2008-01-01	Europe	SAN MARINO                                     	1	0
918	2008-01-01	Europe	SERBIA						11	0
919	2008-01-01	Europe	SERBIA	10	2
920	2008-01-01	Europe	SLOVAKIA 			               	14	1
921	2008-01-01	Europe	SLOVENIA                                       	49	4
922	2008-01-01	Europe	SPAIN                                          	65	13
923	2008-01-01	Europe	SWEDEN                                         	88	13
924	2008-01-01	Europe	SWITZERLAND                                    	100	10
925	2008-01-01	Europe	UKRAINE                                        	375	8
926	2008-01-01	Europe	UNITED KINGDOM                                 	334	79
927	2008-01-01	North America	ANTIGUA AND BARBUDA                            	1	0
928	2008-01-01	North America	BAHAMAS                                        	2	1
929	2008-01-01	North America	BARBADOS                                       	2	1
930	2008-01-01	North America	BERMUDA                                        	1	0
931	2008-01-01	North America	CANADA                                         	173	76
932	2008-01-01	North America	CAYMAN ISLANDS                                 	6	1
933	2008-01-01	North America	COSTA RICA                                     	9	0
934	2008-01-01	North America	CUBA                                           	1	0
935	2008-01-01	North America	DOMINICAN REPUBLIC                             	7	0
936	2008-01-01	North America	EL SALVADOR                                    	2	0
937	2008-01-01	North America	GUADELOUPE                                     	2	1
938	2008-01-01	North America	GUATEMALA                                      	5	0
939	2008-01-01	North America	HAITI                                          	2	0
940	2008-01-01	North America	HONDURAS                                       	6	0
941	2008-01-01	North America	JAMAICA                                        	2	0
942	2008-01-01	North America	MONTSERRAT                                     	1	0
943	2008-01-01	North America	NETHERLANDS ANTILLES                           	4	0
944	2008-01-01	North America	NICARAGUA                                      	4	0
945	2008-01-01	North America	PANAMA                                         	9	1
946	2008-01-01	North America	PUERTO RICO                                    	9	6
947	2008-01-01	North America	SAINT KITTS AND NEVIS                          	2	0
948	2008-01-01	North America	SAINT VINCENT AND THE GRENADINES               	2	0
949	2008-01-01	North America	SURINAME					2	0
950	2008-01-01	North America	UNITED STATES                                  	1695	780
951	2008-01-01	North America	VIRGIN ISLANDS (U.S.)                          	1	0
952	2008-01-01	Other	TAIWAN, PROVINCE OF CHINA                      	27	0
953	2008-01-01	South America	ARGENTINA                                      	69	2
954	2008-01-01	South America	BOLIVIA                                        	8	0
955	2008-01-01	South America	BRAZIL                                         	3	0
956	2008-01-01	South America	CHILE                                          	22	0
957	2008-01-01	South America	COLOMBIA                                       	27	0
958	2008-01-01	South America	ECUADOR                                        	15	0
959	2008-01-01	South America	PARAGUAY                                       	3	0
960	2008-01-01	South America	PERU                                           	3	0
961	2008-01-01	South America	TRINIDAD AND TOBAGO                            	1	0
962	2008-01-01	South America	URUGUAY                                        	6	0
963	2008-01-01	South America	VENEZUELA, BOLIVARIAN REPUBLIC OF              	9	10
964	2009-01-01	Africa	ALGERIA                                        	0	24
965	2009-01-01	Africa	AMERICAN SAMOA                                 	0	1
966	2009-01-01	Africa	ANGOLA                                         	0	19
967	2009-01-01	Africa	BENIN                                          	0	7
968	2009-01-01	Africa	BOTSWANA                                       	0	8
969	2009-01-01	Africa	BURKINA FASO                                   	0	8
970	2009-01-01	Africa	BURUNDI                                        	0	2
971	2009-01-01	Africa	CAMEROON                                       	0	13
972	2009-01-01	Africa	CAPE VERDE                                     	0	2
973	2009-01-01	Africa	CENTRAL AFRICAN REPUBLIC                       	0	3
974	2009-01-01	Africa	CONGO                                          	0	4
975	2009-01-01	Africa	CONGO, THE DEMOCRATIC REPUBLIC OF THE          	0	5
976	2009-01-01	Africa	COOK ISLANDS                                   	0	1
977	2009-01-01	Africa	COTE D'IVOIRE                                  	0	15
978	2009-01-01	Africa	DJIBOUTI                                       	0	1
979	2009-01-01	Africa	EGYPT                                          	0	87
980	2009-01-01	Africa	EQUATORIAL GUINEA                              	0	1
981	2009-01-01	Africa	ERITREA                                        	0	1
982	2009-01-01	Africa	ETHIOPIA                                       	0	1
983	2009-01-01	Africa	FIJI                                           	0	17
984	2009-01-01	Africa	FRENCH POLYNESIA                               	0	7
985	2009-01-01	Africa	GABON                                          	0	9
986	2009-01-01	Africa	GAMBIA                                         	0	3
987	2009-01-01	Africa	GHANA                                          	0	31
988	2009-01-01	Africa	GUAM                                           	0	13
989	2009-01-01	Africa	GUINEA-BISSAU                                  	0	1
990	2009-01-01	Africa	KENYA                                          	0	51
991	2009-01-01	Africa	KIRIBATI                                       	0	2
992	2009-01-01	Africa	LESOTHO                                        	0	5
993	2009-01-01	Africa	LIBYAN ARAB JAMAHIRIYA                         	0	4
994	2009-01-01	Africa	MADAGASCAR                                     	0	5
995	2009-01-01	Africa	MALAWI                                         	0	8
996	2009-01-01	Africa	MALI                                           	0	6
997	2009-01-01	Africa	MARSHALL ISLANDS                               	0	1
998	2009-01-01	Africa	MAURITANIA                                     	0	2
999	2009-01-01	Africa	MAURITIUS                                      	0	24
1000	2009-01-01	Africa	MICRONESIA, FEDERATED STATES OF                	0	1
1001	2009-01-01	Africa	MOROCCO                                        	0	13
1002	2009-01-01	Africa	MOZAMBIQUE                                     	0	14
1003	2009-01-01	Africa	NAMIBIA                                        	0	14
1004	2009-01-01	Africa	NAURU                                          	0	1
1005	2009-01-01	Africa	NEW CALEDONIA                                  	0	15
1006	2009-01-01	Africa	NIGER                                          	0	2
1007	2009-01-01	Africa	NIGERIA                                        	0	66
1008	2009-01-01	Africa	NIUE                                           	0	1
1009	2009-01-01	Africa	NORFOLK ISLAND                                 	0	3
1010	2009-01-01	Africa	NORTHERN MARIANA ISLANDS                       	0	3
1011	2009-01-01	Africa	PALAU                                          	0	1
1012	2009-01-01	Africa	PAPUA NEW GUINEA                               	0	12
1013	2009-01-01	Africa	REUNION                                        	0	1
1014	2009-01-01	Africa	RWANDA                                         	0	8
1015	2009-01-01	Africa	SAMOA                                          	0	5
1016	2009-01-01	Africa	SENEGAL                                        	0	13
1017	2009-01-01	Africa	SEYCHELLES                                     	0	8
1018	2009-01-01	Africa	SIERRA LEONE                                   	0	5
1019	2009-01-01	Africa	SOLOMON ISLANDS                                	0	2
1020	2009-01-01	Africa	SOUTH AFRICA                                   	0	884
1021	2009-01-01	Africa	SUDAN						0	8
1022	2009-01-01	Africa	SWAZILAND                                      	0	7
1023	2009-01-01	Africa	TANZANIA, UNITED REPUBLIC OF                   	0	29
1024	2009-01-01	Africa	TOGO                                           	0	2
1025	2009-01-01	Africa	TONGA                                          	0	3
1026	2009-01-01	Africa	TUNISIA                                        	0	6
1027	2009-01-01	Africa	TUVALU                                         	0	1
1028	2009-01-01	Africa	UGANDA                                         	0	13
1029	2009-01-01	Africa	VANUATU                                        	0	4
1030	2009-01-01	Africa	WALLIS AND FUTUNA 	                       	0	1
1031	2009-01-01	Africa	ZAMBIA                                         	0	10
1032	2009-01-01	Africa	ZIMBABWE                                       	0	10
1033	2009-01-01	Asia/Pacific	AFGHANISTAN                                    	0	14
1034	2009-01-01	Asia/Pacific	ARMENIA                                        	0	39
1035	2009-01-01	Asia/Pacific	AUSTRALIA                                      	0	6039
1036	2009-01-01	Asia/Pacific	AZERBAIJAN                                     	0	25
1037	2009-01-01	Asia/Pacific	Asia/Pacific Region	0	106
1038	2009-01-01	Asia/Pacific	BAHRAIN                                        	0	33
1039	2009-01-01	Asia/Pacific	BANGLADESH                                     	0	121
1040	2009-01-01	Asia/Pacific	BHUTAN                                         	0	5
1041	2009-01-01	Asia/Pacific	BRUNEI DARUSSALAM                              	0	14
1042	2009-01-01	Asia/Pacific	CAMBODIA                                       	0	40
1043	2009-01-01	Asia/Pacific	CHINA                                          	0	1529
1044	2009-01-01	Asia/Pacific	CYPRUS                                         	0	75
1045	2009-01-01	Asia/Pacific	GEORGIA                                        	0	44
1046	2009-01-01	Asia/Pacific	HONG KONG                                      	0	638
1047	2009-01-01	Asia/Pacific	INDIA                                          	0	577
1048	2009-01-01	Asia/Pacific	INDONESIA                                      	0	450
1049	2009-01-01	Asia/Pacific	IRAN (ISLAMIC REPUBLIC OF)                     	0	106
1050	2009-01-01	Asia/Pacific	IRAQ                                           	0	7
1051	2009-01-01	Asia/Pacific	ISRAEL                                         	0	226
1052	2009-01-01	Asia/Pacific	JAPAN                                          	0	2010
1053	2009-01-01	Asia/Pacific	JORDAN                                         	0	44
1054	2009-01-01	Asia/Pacific	KAZAKHSTAN                                     	0	74
1055	2009-01-01	Asia/Pacific	KOREA, REPUBLIC OF                             	0	659
1056	2009-01-01	Asia/Pacific	KUWAIT                                         	0	55
1057	2009-01-01	Asia/Pacific	KYRGYZSTAN                                     	0	22
1058	2009-01-01	Asia/Pacific	LAO PEOPLE'S DEMOCRATIC REPUBLIC               	0	9
1059	2009-01-01	Asia/Pacific	LEBANON                                        	0	42
1060	2009-01-01	Asia/Pacific	MACAO                                          	0	19
1061	2009-01-01	Asia/Pacific	MALAYSIA                                       	0	245
1062	2009-01-01	Asia/Pacific	MALDIVES                                       	0	10
1063	2009-01-01	Asia/Pacific	MONGOLIA					0	27
1064	2009-01-01	Asia/Pacific	MYANMAR                                        	0	2
1065	2009-01-01	Asia/Pacific	NEPAL                                          	0	27
1066	2009-01-01	Asia/Pacific	NEW ZEALAND                                    	0	1208
1067	2009-01-01	Asia/Pacific	OMAN                                           	0	5
1068	2009-01-01	Asia/Pacific	PAKISTAN                                       	0	114
1069	2009-01-01	Asia/Pacific	PALESTINIAN TERRITORY, OCCUPIED			0	23
1070	2009-01-01	Asia/Pacific	PHILIPPINES                                    	0	265
1071	2009-01-01	Asia/Pacific	QATAR                                          	0	9
1072	2009-01-01	Asia/Pacific	SAUDI ARABIA                                   	0	154
1073	2009-01-01	Asia/Pacific	SINGAPORE                                      	0	406
1074	2009-01-01	Asia/Pacific	SRI LANKA                                      	0	32
1075	2009-01-01	Asia/Pacific	SYRIAN ARAB REPUBLIC                           	0	12
1076	2009-01-01	Asia/Pacific	TAJIKISTAN                                     	0	7
1077	2009-01-01	Asia/Pacific	THAILAND                                       	0	346
1078	2009-01-01	Asia/Pacific	TURKEY                                         	0	275
1079	2009-01-01	Asia/Pacific	TURKMENISTAN                                   	0	2
1080	2009-01-01	Asia/Pacific	UNITED ARAB EMIRATES                           	0	25
1081	2009-01-01	Asia/Pacific	UZBEKISTAN                                     	0	20
1082	2009-01-01	Asia/Pacific	VIET NAM                                       	0	97
1083	2009-01-01	Asia/Pacific	YEMEN                                          	0	3
1084	2009-01-01	Europe	ALAND ISLANDS					0	1
1085	2009-01-01	Europe	ALBANIA                                        	0	16
1086	2009-01-01	Europe	ANDORRA                                        	0	3
1087	2009-01-01	Europe	AUSTRIA                                        	0	842
1088	2009-01-01	Europe	BELARUS                                        	0	27
1089	2009-01-01	Europe	BELGIUM                                        	0	402
1090	2009-01-01	Europe	BOSNIA AND HERZEGOVINA                         	0	43
1091	2009-01-01	Europe	BULGARIA                                       	0	351
1092	2009-01-01	Europe	CROATIA 				       	0	70
1093	2009-01-01	Europe	CZECH REPUBLIC                                 	0	650
1094	2009-01-01	Europe	DENMARK                                        	0	476
1095	2009-01-01	Europe	ESTONIA                                        	0	81
1096	2009-01-01	Europe	EUROPEAN UNION	0	4942
1097	2009-01-01	Europe	FAROE ISLANDS                                  	0	7
1098	2009-01-01	Europe	FINLAND                                        	0	652
1099	2009-01-01	Europe	FRANCE                                         	0	1773
1100	2009-01-01	Europe	GERMANY                                        	0	5543
1101	2009-01-01	Europe	GIBRALTAR                                      	0	10
1102	2009-01-01	Europe	GREECE                                         	0	232
1103	2009-01-01	Europe	GUERNSEY					0	2
1104	2009-01-01	Europe	HUNGARY                                        	0	242
1105	2009-01-01	Europe	ICELAND                                        	0	42
1106	2009-01-01	Europe	IRELAND                                        	0	219
1107	2009-01-01	Europe	ISLE OF MAN					0	5
1108	2009-01-01	Europe	ITALY                                          	0	955
1109	2009-01-01	Europe	JERSEY						0	3
1110	2009-01-01	Europe	LATVIA                                         	0	196
1111	2009-01-01	Europe	LIECHTENSTEIN                                  	0	16
1112	2009-01-01	Europe	LITHUANIA                                      	0	119
1113	2009-01-01	Europe	LUXEMBOURG                                     	0	71
1114	2009-01-01	Europe	MACEDONIA, THE FORMER YUGOSLAV REPUBLIC OF     	0	30
1115	2009-01-01	Europe	MALTA                                          	0	49
1116	2009-01-01	Europe	MOLDOVA, REPUBLIC OF                           	0	36
1117	2009-01-01	Europe	MONACO                                         	0	14
1118	2009-01-01	Europe	MONTENEGRO					0	5
1119	2009-01-01	Europe	NETHERLANDS                                    	0	1412
1120	2009-01-01	Europe	NORWAY                                         	0	408
1121	2009-01-01	Europe	POLAND                                         	0	1544
1122	2009-01-01	Europe	PORTUGAL                                       	0	141
1123	2009-01-01	Europe	ROMANIA                                        	0	737
1124	2009-01-01	Europe	RUSSIAN FEDERATION                             	0	2975
1125	2009-01-01	Europe	SAN MARINO                                     	0	4
1126	2009-01-01	Europe	SERBIA						0	21
1127	2009-01-01	Europe	SERBIA	0	88
1128	2009-01-01	Europe	SLOVAKIA 			               	0	163
1129	2009-01-01	Europe	SLOVENIA                                       	0	205
1130	2009-01-01	Europe	SPAIN                                          	0	517
1131	2009-01-01	Europe	SWEDEN                                         	0	836
1132	2009-01-01	Europe	SWITZERLAND                                    	0	1333
1133	2009-01-01	Europe	UKRAINE                                        	0	1681
1134	2009-01-01	Europe	UNITED KINGDOM                                 	0	3646
1135	2009-01-01	Europe	VATICAN CITY STATE (HOLY SEE)                  	0	1
1136	2009-01-01	North America	ANGUILLA                                       	0	2
1137	2009-01-01	North America	ANTIGUA AND BARBUDA                            	0	6
1138	2009-01-01	North America	ARUBA                                          	0	2
1139	2009-01-01	North America	BAHAMAS                                        	0	7
1140	2009-01-01	North America	BARBADOS                                       	0	13
1141	2009-01-01	North America	BELIZE                                         	0	8
1142	2009-01-01	North America	BERMUDA                                        	0	24
1143	2009-01-01	North America	CANADA                                         	0	5683
1144	2009-01-01	North America	CAYMAN ISLANDS                                 	0	8
1145	2009-01-01	North America	COSTA RICA                                     	0	28
1146	2009-01-01	North America	CUBA                                           	0	16
1147	2009-01-01	North America	DOMINICAN REPUBLIC                             	0	44
1148	2009-01-01	North America	EL SALVADOR                                    	0	23
1149	2009-01-01	North America	GREENLAND                                      	0	2
1150	2009-01-01	North America	GRENADA                                        	0	1
1151	2009-01-01	North America	GUADELOUPE                                     	0	5
1152	2009-01-01	North America	GUATEMALA                                      	0	37
1153	2009-01-01	North America	HAITI                                          	0	8
1154	2009-01-01	North America	HONDURAS                                       	0	19
1155	2009-01-01	North America	JAMAICA                                        	0	25
1156	2009-01-01	North America	MEXICO                                         	0	158
1157	2009-01-01	North America	MONTSERRAT                                     	0	2
1158	2009-01-01	North America	NETHERLANDS ANTILLES                           	0	31
1159	2009-01-01	North America	NICARAGUA                                      	0	20
1160	2009-01-01	North America	PANAMA                                         	0	56
1161	2009-01-01	North America	PUERTO RICO                                    	0	64
1162	2009-01-01	North America	SAINT KITTS AND NEVIS                          	0	5
1163	2009-01-01	North America	SAINT LUCIA                                    	0	1
1164	2009-01-01	North America	SAINT VINCENT AND THE GRENADINES               	0	3
1165	2009-01-01	North America	SURINAME					0	7
1166	2009-01-01	North America	TURKS AND CAICOS ISLANDS                       	0	1
1167	2009-01-01	North America	UNITED STATES                                  	0	36476
1168	2009-01-01	North America	VIRGIN ISLANDS (BRITISH)                       	0	1
1169	2009-01-01	North America	VIRGIN ISLANDS (U.S.)                          	0	7
1170	2009-01-01	Other	BRITISH INDIAN OCEAN TERRITORY                 	0	2
1171	2009-01-01	Other	TAIWAN, PROVINCE OF CHINA                      	0	419
1172	2009-01-01	South America	ARGENTINA                                      	0	406
1173	2009-01-01	South America	BOLIVIA                                        	0	38
1174	2009-01-01	South America	BRAZIL                                         	0	267
1175	2009-01-01	South America	CHILE                                          	0	391
1176	2009-01-01	South America	COLOMBIA                                       	0	225
1177	2009-01-01	South America	ECUADOR                                        	0	172
1178	2009-01-01	South America	FRENCH GUIANA                                  	0	1
1179	2009-01-01	South America	GUYANA                                         	0	1
1180	2009-01-01	South America	PARAGUAY                                       	0	18
1181	2009-01-01	South America	PERU                                           	0	77
1182	2009-01-01	South America	TRINIDAD AND TOBAGO                            	0	27
1183	2009-01-01	South America	URUGUAY                                        	0	47
1184	2009-01-01	South America	VENEZUELA, BOLIVARIAN REPUBLIC OF              	0	112
